FileName,FullName,Email,Phone,DateOfBirth,AppliedPosition,Years of Experience,Education,CandidateID,Skills,Gender ,JobID
Candidate_019_Ali_Mirza.pdf,Ali Mirza,ali.mirza@example.com,-5318094,1/7/1987,MARKETING COORDINATOR,6,Bachelor's in Computer Science,Candidate_019,Excel;SQL;Power BI;Digital Marketing;Cloud Computing,Female,J001
Candidate_095_Bilal_Ahmed.pdf,Bilal Ahmed,bilal.ahmed@example.com,-2329897,8/22/1980,MARKETING COORDINATOR,3,Bachelor's in Computer Science,Candidate_095,Power BI;HR Policies;SQL;Project Management;Cloud Computing,Male,J001
Candidate_131_Omar_Sheikh.pdf,Omar Sheikh,omar.sheikh@example.com,-6677320,6/23/2000,MARKETING COORDINATOR,5,Bachelor's in Computer Science,Candidate_131,SQL;HR Policies;Python;Excel;Project Management,Male,J001
Candidate_237_Sara_Sheikh.pdf,Sara Sheikh,sara.sheikh@example.com,-7691995,7/13/1994,MARKETING COORDINATOR,6,Bachelor's in Computer Science,Candidate_237,HR Policies;Power BI;Cloud Computing;Project Management;UX Design,Female,J001
Candidate_074_Ali_Mirza.pdf,Ali Mirza,ali.mirza@example.com,-5515280,1/14/1983,MARKETING COORDINATOR,7,Bachelor's in Computer Science,Candidate_074,UX Design;Excel;Power BI;Data Analysis;Cloud Computing,Female,J001
Candidate_191_Faisal_Mirza.pdf,Faisal Mirza,faisal.mirza@example.com,-6215764,4/28/1993,MARKETING COORDINATOR,3,Bachelor's in Computer Science,Candidate_191,Data Analysis;Python;Cloud Computing;UX Design;Excel,Male,J001
Candidate_299_Mina_Mirza.pdf,Mina Mirza,mina.mirza@example.com,-7298544,9/4/1989,CUSTOMER SUPPORT LEAD,3,Bachelor's in Computer Science,Candidate_299,Digital Marketing;HR Policies;Data Analysis;SQL;Excel,Female,J002
Candidate_201_Hassan_Iqbal.pdf,Hassan Iqbal,hassan.iqbal@example.com,-3955378,7/2/1988,CUSTOMER SUPPORT LEAD,6,Bachelor's in Computer Science,Candidate_201,UX Design;Project Management;SQL;HR Policies;Python,Male,J002
Candidate_179_Hassan_Chaudhry.pdf,Hassan Chaudhry,hassan.chaudhry@example.com,-5527288,4/12/1982,CUSTOMER SUPPORT LEAD,3,Bachelor's in Computer Science,Candidate_179,SQL;Power BI;Excel;Data Analysis;HR Policies,Male,J002
Candidate_163_Zara_Mirza.pdf,Zara Mirza,zara.mirza@example.com,-1799773,7/22/1992,CUSTOMER SUPPORT LEAD,5,Bachelor's in Computer Science,Candidate_163,Power BI;UX Design;Python;Project Management;HR Policies,Female,J002
Candidate_046_Omar_Ahmed.pdf,Omar Ahmed,omar.ahmed@example.com,-6807443,5/30/1980,SENIOR DATA ANALYST,1,Bachelor's in Computer Science,Candidate_046,Digital Marketing;Cloud Computing;Data Analysis;Python;SQL,Male,J003
Candidate_133_Zara_Raza.pdf,Zara Raza,zara.raza@example.com,-5985612,11/10/1992,SENIOR DATA ANALYST,5,Bachelor's in Computer Science,Candidate_133,Excel;Project Management;HR Policies;Data Analysis;Digital Marketing,Female,J003
Candidate_122_Bilal_Khan.pdf,Bilal Khan,bilal.khan@example.com,-8583665,9/2/1998,SENIOR DATA ANALYST,6,Bachelor's in Computer Science,Candidate_122,Excel;UX Design;Cloud Computing;HR Policies;Digital Marketing,Male,J003
Candidate_245_Omar_Hussain.pdf,Omar Hussain,omar.hussain@example.com,-9771291,12/18/1996,SENIOR DATA ANALYST,2,Bachelor's in Computer Science,Candidate_245,SQL;Digital Marketing;Cloud Computing;UX Design;HR Policies,Male,J003
Candidate_180_Omar_Chaudhry.pdf,Omar Chaudhry,omar.chaudhry@example.com,-2192887,3/31/1987,SENIOR DATA ANALYST,2,Bachelor's in Computer Science,Candidate_180,Cloud Computing;efficiency.;SQL;Python;Power BI,Male,J003
Candidate_268_Faisal_Chaudhry.pdf,Faisal Chaudhry,faisal.chaudhry@example.com,-9515051,9/30/1993,SENIOR DATA ANALYST,3,Bachelor's in Computer Science,Candidate_268,Project Management;efficiency.;HR Policies;UX Design;Data Analysis,Male,J003
Candidate_151_Zara_Ahmed.pdf,Zara Ahmed,zara.ahmed@example.com,-2573704,6/12/1996,SENIOR DATA ANALYST,4,Bachelor's in Computer Science,Candidate_151,SQL;Cloud Computing;Excel;Power BI;UX Design,Female,J003
Candidate_291_Mina_Iqbal.pdf,Mina Iqbal,mina.iqbal@example.com,-6192838,5/28/1987,PROCUREMENT SPECIALIST,7,Bachelor's in Computer Science,Candidate_291,Data Analysis;Project Management;Excel;SQL;Power BI,Female,J004
Candidate_162_Bilal_Khan.pdf,Bilal Khan,bilal.khan@example.com,-7600366,12/27/1980,PROCUREMENT SPECIALIST,7,Bachelor's in Computer Science,Candidate_162,Data Analysis;Project Management;Excel;HR Policies;Power BI,Male,J004
Candidate_027_Ayesha_Mirza.pdf,Ayesha Mirza,ayesha.mirza@example.com,-4436046,6/5/1980,PROCUREMENT SPECIALIST,1,Bachelor's in Computer Science,Candidate_027,SQL;Digital Marketing;Excel;Python;HR Policies,Female,J004
Candidate_079_Bilal_Mirza.pdf,Bilal Mirza,bilal.mirza@example.com,-5899773,3/16/1988,PROCUREMENT SPECIALIST,6,Bachelor's in Computer Science,Candidate_079,Cloud Computing;efficiency.;Power BI;Digital Marketing;Project Management,Male,J004
Candidate_288_Nadia_Raza.pdf,Nadia Raza,nadia.raza@example.com,-7265243,9/1/1999,PROCUREMENT SPECIALIST,6,Bachelor's in Computer Science,Candidate_288,HR Policies;Excel;Digital Marketing;Python;Power BI,Female,J004
Candidate_051_Ayesha_Sheikh.pdf,Ayesha Sheikh,ayesha.sheikh@example.com,-6187834,5/20/1990,PROCUREMENT SPECIALIST,4,Bachelor's in Computer Science,Candidate_051,Data Analysis;Python;UX Design;Power BI;Excel,Female,J004
Candidate_308_Areeba_Sheikh.pdf,Areeba Sheikh,areeba.sheikh@example.com,-6684874,3/27/1995,PROCUREMENT ASSISTANT,8,Bachelor's in Computer Science,Candidate_308,Data Analysis;Leadership;Excel;UX Design;Problem Solving,Female,J005
Candidate_309_Areeba_Hussain.pdf,Areeba Hussain,areeba.hussain@example.com,-5880304,10/25/1998,PROCUREMENT ASSISTANT,7,Bachelor's in Computer Science,Candidate_309,Problem Solving;Excel;Customer Service;Project Management;UX Design,Female,J005
Candidate_301_Nida_Raza.pdf,Nida Raza,nida.raza@example.com,-8682203,3/18/1997,PROCUREMENT ASSISTANT,6,Bachelor's in Computer Science,Candidate_301,Data Analysis;SQL;Excel;Python;Customer Service,Female,J005
Candidate_306_Hassan_Chaudhry.pdf,Hassan Chaudhry,hassan.chaudhry@example.com,-6916971,4/24/1998,PROCUREMENT ASSISTANT,6,Bachelor's in Computer Science,Candidate_306,Python;Leadership;UX Design;Project Management;Problem Solving,Male,J005
Candidate_178_Zara_Sheikh.pdf,Zara Sheikh,zara.sheikh@example.com,-8773984,5/20/1984,IT SUPPORT SPECIALIST,6,Bachelor's in Computer Science,Candidate_178,Power BI;Cloud Computing;HR Policies;Excel;Project Management,Female,J006
Candidate_024_Bilal_Jamil.pdf,Bilal Jamil,bilal.jamil@example.com,-9123278,4/6/1992,IT SUPPORT SPECIALIST,7,Bachelor's in Computer Science,Candidate_024,Python;HR Policies;SQL;Cloud Computing;Digital Marketing,Male,J006
Candidate_158_Ayesha_Iqbal.pdf,Ayesha Iqbal,ayesha.iqbal@example.com,-7707995,12/21/1986,IT SUPPORT SPECIALIST,1,Bachelor's in Computer Science,Candidate_158,Project Management;efficiency.;Cloud Computing;HR Policies;Data Analysis,Female,J006
Candidate_176_Bilal_Jamil.pdf,Bilal Jamil,bilal.jamil@example.com,-1061478,10/19/1990,IT SUPPORT SPECIALIST,3,Bachelor's in Computer Science,Candidate_176,Project Management;efficiency.;Power BI;Cloud Computing;Excel,Male,J006
Candidate_002_Mina_Iqbal.pdf,Mina Iqbal,mina.iqbal@example.com,-1373936,2/10/1986,IT SUPPORT SPECIALIST,5,Bachelor's in Computer Science,Candidate_002,HR Policies;Project Management;Digital Marketing;Python;SQL,Female,J006
Candidate_084_Faisal_Sheikh.pdf,Faisal Sheikh,faisal.sheikh@example.com,-9243886,10/10/1989,IT SUPPORT SPECIALIST,6,Bachelor's in Computer Science,Candidate_084,HR Policies;Data Analysis;Project Management;SQL;Power BI,Male,J006
Candidate_242_Mina_Mirza.pdf,Mina Mirza,mina.mirza@example.com,-4749653,6/3/1985,IT SUPPORT SPECIALIST,4,Bachelor's in Computer Science,Candidate_242,Digital Marketing;Python;SQL;UX Design;Data Analysis,Female,J006
Candidate_207_Ali_Jamil.pdf,Ali Jamil,ali.jamil@example.com,-6064576,3/26/1995,PROJECT MANAGER,8,Bachelor's in Computer Science,Candidate_207,Power BI;SQL;Digital Marketing;Cloud Computing;UX Design,Female,J007
Candidate_059_Ayesha_Mirza.pdf,Ayesha Mirza,ayesha.mirza@example.com,-9536366,5/30/1991,PROJECT MANAGER,3,Bachelor's in Computer Science,Candidate_059,HR Policies;Python;Digital Marketing;Data Analysis;Project Management,Female,J007
Candidate_225_Nadia_Raza.pdf,Nadia Raza,nadia.raza@example.com,-9853951,5/17/2000,PROJECT MANAGER,7,Bachelor's in Computer Science,Candidate_225,HR Policies;Python;Data Analysis;Excel;SQL,Female,J007
Candidate_266_Sara_Sheikh.pdf,Sara Sheikh,sara.sheikh@example.com,-8804454,3/15/2000,PROJECT MANAGER,5,Bachelor's in Computer Science,Candidate_266,UX Design;SQL;Excel;HR Policies;Digital Marketing,Female,J007
Candidate_078_Mina_Chaudhry.pdf,Mina Chaudhry,mina.chaudhry@example.com,-6769285,5/15/1983,PROJECT MANAGER,3,Bachelor's in Computer Science,Candidate_078,Python;Cloud Computing;SQL;Data Analysis;Excel,Female,J007
Candidate_077_Bilal_Ahmed.pdf,Bilal Ahmed,bilal.ahmed@example.com,-8957049,3/26/1986,PROJECT MANAGER,6,Bachelor's in Computer Science,Candidate_077,HR Policies;Digital Marketing;Power BI;Cloud Computing;Python,Male,J007
Candidate_270_Sara_Khan.pdf,Sara Khan,sara.khan@example.com,-1676982,12/11/1987,PROJECT MANAGER,4,Bachelor's in Computer Science,Candidate_270,Digital Marketing;Cloud Computing;Power BI;Data Analysis;HR Policies,Female,J007
Candidate_075_Omar_Sheikh.pdf,Omar Sheikh,omar.sheikh@example.com,-7818771,12/25/1981,PROJECT MANAGER,7,Bachelor's in Computer Science,Candidate_075,UX Design;SQL;Digital Marketing;Cloud Computing;Excel,Male,J007
Candidate_127_Zara_Hussain.pdf,Zara Hussain,zara.hussain@example.com,-5405421,12/28/1999,HUMAN RESOURCES MANAGER,1,Bachelor's in Computer Science,Candidate_127,SQL;Cloud Computing;UX Design;Power BI;Python,Female,J011
Candidate_007_Bilal_Iqbal.pdf,Bilal Iqbal,bilal.iqbal@example.com,-8700852,1/4/1988,HUMAN RESOURCES MANAGER,7,Bachelor's in Computer Science,Candidate_007,HR Policies;Cloud Computing;Power BI;Digital Marketing;SQL,Male,J011
Candidate_246_Mina_Chaudhry.pdf,Mina Chaudhry,mina.chaudhry@example.com,-8697278,7/13/1987,SENIOR SOFTWARE ENGINEER,1,Bachelor's in Computer Science,Candidate_246,Power BI;UX Design;Cloud Computing;Data Analysis;Excel,Female,J012
Candidate_037_Zara_Hussain.pdf,Zara Hussain,zara.hussain@example.com,-6350620,5/21/1980,SENIOR SOFTWARE ENGINEER,4,Bachelor's in Computer Science,Candidate_037,HR Policies;Power BI;UX Design;Project Management;Digital Marketing,Female,J012
Candidate_026_Faisal_Jamil.pdf,Faisal Jamil,faisal.jamil@example.com,-7280394,9/2/1980,SENIOR SOFTWARE ENGINEER,6,Bachelor's in Computer Science,Candidate_026,Digital Marketing;Power BI;Cloud Computing;HR Policies;UX Design,Male,J012
Candidate_157_Nadia_Jamil.pdf,Nadia Jamil,nadia.jamil@example.com,-8453161,7/20/1994,SENIOR SOFTWARE ENGINEER,2,Bachelor's in Computer Science,Candidate_157,UX Design;Python;HR Policies;Data Analysis;Power BI,Female,J012
Candidate_169_Faisal_Farooq.pdf,Faisal Farooq,faisal.farooq@example.com,-5763406,11/19/1996,SENIOR SOFTWARE ENGINEER,1,Bachelor's in Computer Science,Candidate_169,Cloud Computing;efficiency.;Excel;Project Management;Python,Male,J012
Candidate_223_Omar_Jamil.pdf,Omar Jamil,omar.jamil@example.com,-1824857,11/20/1991,SENIOR SOFTWARE ENGINEER,4,Bachelor's in Computer Science,Candidate_223,Cloud Computing;efficiency.;Excel;HR Policies;Digital Marketing,Male,J012
Candidate_005_Nadia_Farooq.pdf,Nadia Farooq,nadia.farooq@example.com,-8083964,1/25/1998,SENIOR SOFTWARE ENGINEER,8,Bachelor's in Computer Science,Candidate_005,Python;SQL;Power BI;Excel;HR Policies,Female,J012
Candidate_012_Sara_Sheikh.pdf,Sara Sheikh,sara.sheikh@example.com,-3447954,7/26/1998,QA ENGINEER,7,Bachelor's in Computer Science,Candidate_012,Project Management;efficiency.;Excel;HR Policies;UX Design,Female,J014
Candidate_186_Omar_Ahmed.pdf,Omar Ahmed,omar.ahmed@example.com,-5004745,7/6/1986,QA ENGINEER,7,Bachelor's in Computer Science,Candidate_186,Project Management;efficiency.;Digital Marketing;Excel;Cloud Computing,Male,J014
Candidate_203_Nadia_Raza.pdf,Nadia Raza,nadia.raza@example.com,-2326015,3/19/1987,QA ENGINEER,1,Bachelor's in Computer Science,Candidate_203,Power BI;Digital Marketing;Data Analysis;Project Management;Excel,Female,J014
Candidate_117_Ayesha_Sheikh.pdf,Ayesha Sheikh,ayesha.sheikh@example.com,-1463636,3/31/1981,QA ENGINEER,8,Bachelor's in Computer Science,Candidate_117,Python;Data Analysis;UX Design;Digital Marketing;Power BI,Female,J014
Candidate_216_Ali_Farooq.pdf,Ali Farooq,ali.farooq@example.com,-3228963,2/11/1990,OPERATIONS MANAGER,8,Bachelor's in Computer Science,Candidate_216,Power BI;SQL;HR Policies;Digital Marketing;Project Management,Female,J017
Candidate_066_Sara_Iqbal.pdf,Sara Iqbal,sara.iqbal@example.com,-6827882,1/23/1985,OPERATIONS MANAGER,2,Bachelor's in Computer Science,Candidate_066,Digital Marketing;Excel;UX Design;Power BI;HR Policies,Female,J017
Candidate_031_Ayesha_Iqbal.pdf,Ayesha Iqbal,ayesha.iqbal@example.com,-5573284,5/29/1982,OPERATIONS MANAGER,3,Bachelor's in Computer Science,Candidate_031,Python;Cloud Computing;SQL;HR Policies;Digital Marketing,Female,J017
Candidate_147_Sara_Chaudhry.pdf,Sara Chaudhry,sara.chaudhry@example.com,-3811807,10/2/2000,OPERATIONS MANAGER,2,Bachelor's in Computer Science,Candidate_147,Power BI;Cloud Computing;Data Analysis;UX Design;Excel,Female,J017
Candidate_276_Sara_Ahmed.pdf,Sara Ahmed,sara.ahmed@example.com,-4434862,3/20/1984,OPERATIONS MANAGER,3,Bachelor's in Computer Science,Candidate_276,Project Management;efficiency.;Digital Marketing;Excel;Data Analysis,Female,J017
Candidate_167_Nadia_Raza.pdf,Nadia Raza,nadia.raza@example.com,-5545847,9/12/1992,OPERATIONS MANAGER,1,Bachelor's in Computer Science,Candidate_167,SQL;Data Analysis;Python;HR Policies;Cloud Computing,Female,J017
Candidate_087_Nadia_Ahmed.pdf,Nadia Ahmed,nadia.ahmed@example.com,-6111801,8/21/1987,FINANCE OFFICER,3,Bachelor's in Computer Science,Candidate_087,Data Analysis;SQL;Excel;Cloud Computing;Digital Marketing,Female,J018
Candidate_073_Zara_Hussain.pdf,Zara Hussain,zara.hussain@example.com,-3810000,7/28/1986,FINANCE OFFICER,1,Bachelor's in Computer Science,Candidate_073,Cloud Computing;efficiency.;UX Design;SQL;Data Analysis,Female,J018
Candidate_257_Nadia_Jamil.pdf,Nadia Jamil,nadia.jamil@example.com,-5064357,10/18/1982,FINANCE OFFICER,4,Bachelor's in Computer Science,Candidate_257,Power BI;Project Management;Data Analysis;Python;SQL,Female,J018
Candidate_100_Sara_Iqbal.pdf,Sara Iqbal,sara.iqbal@example.com,-3545421,7/12/1992,FINANCE OFFICER,8,Bachelor's in Computer Science,Candidate_100,HR Policies;Digital Marketing;Power BI;Python;Project Management,Female,J018
Candidate_217_Nadia_Khan.pdf,Nadia Khan,nadia.khan@example.com,-1148016,4/6/1986,FINANCE OFFICER,5,Bachelor's in Computer Science,Candidate_217,Data Analysis;Cloud Computing;Python;Digital Marketing;Project Management,Female,J018
Candidate_039_Ali_Chaudhry.pdf,Ali Chaudhry,ali.chaudhry@example.com,-6092834,1/11/1992,CONTENT WRITER,5,Bachelor's in Computer Science,Candidate_039,Data Analysis;Digital Marketing;HR Policies;Python;Power BI,Female,J020
Candidate_124_Hassan_Khan.pdf,Hassan Khan,hassan.khan@example.com,-9991761,2/3/1995,CONTENT WRITER,6,Bachelor's in Computer Science,Candidate_124,Digital Marketing;Data Analysis;Python;HR Policies;UX Design,Male,J020
Candidate_090_Bilal_Farooq.pdf,Bilal Farooq,bilal.farooq@example.com,-7977020,2/27/1983,CONTENT WRITER,1,Bachelor's in Computer Science,Candidate_090,Cloud Computing;efficiency.;UX Design;Project Management;HR Policies,Male,J020
Candidate_243_Sara_Mirza.pdf,Sara Mirza,sara.mirza@example.com,-4215842,3/31/1982,CONTENT WRITER,5,Bachelor's in Computer Science,Candidate_243,Digital Marketing;Project Management;Python;Power BI;Cloud Computing,Female,J020
Candidate_250_Ali_Ahmed.pdf,Ali Ahmed,ali.ahmed@example.com,-9356279,2/10/1987,MARKETING COORDINATOR,3,Master's in HR Management,Candidate_250,Power BI;Project Management;UX Design;SQL;Data Analysis,Female,J001
Candidate_148_Sara_Hussain.pdf,Sara Hussain,sara.hussain@example.com,-3696002,1/5/1980,MARKETING COORDINATOR,2,Master's in HR Management,Candidate_148,HR Policies;Cloud Computing;Digital Marketing;Power BI;Excel,Female,J001
Candidate_272_Mina_Ahmed.pdf,Mina Ahmed,mina.ahmed@example.com,-1559160,2/25/1992,MARKETING COORDINATOR,3,Master's in HR Management,Candidate_272,Project Management;efficiency.;Cloud Computing;Digital Marketing;Power BI,Female,J001
Candidate_035_Faisal_Farooq.pdf,Faisal Farooq,faisal.farooq@example.com,-7144772,9/13/1987,MARKETING COORDINATOR,6,Master's in HR Management,Candidate_035,Python;Project Management;Data Analysis;HR Policies;Digital Marketing,Male,J001
Candidate_071_Hassan_Farooq.pdf,Hassan Farooq,hassan.farooq@example.com,-1431963,11/5/1987,MARKETING COORDINATOR,4,Master's in HR Management,Candidate_071,Excel;Cloud Computing;Data Analysis;Power BI;UX Design,Male,J001
Candidate_030_Nadia_Chaudhry.pdf,Nadia Chaudhry,nadia.chaudhry@example.com,-2489439,9/5/1996,MARKETING COORDINATOR,5,Master's in HR Management,Candidate_030,Power BI;Excel;Project Management;Digital Marketing;Cloud Computing,Female,J001
Candidate_028_Ayesha_Iqbal.pdf,Ayesha Iqbal,ayesha.iqbal@example.com,-6366436,7/28/1991,MARKETING COORDINATOR,2,Master's in HR Management,Candidate_028,UX Design;Data Analysis;SQL;Cloud Computing;Power BI,Female,J001
Candidate_206_Faisal_Iqbal.pdf,Faisal Iqbal,faisal.iqbal@example.com,-4593888,5/8/1985,CUSTOMER SUPPORT LEAD,4,Master's in HR Management,Candidate_206,Cloud Computing;efficiency.;Excel;Data Analysis;HR Policies,Male,J002
Candidate_194_Nadia_Raza.pdf,Nadia Raza,nadia.raza@example.com,-2559439,4/15/1984,CUSTOMER SUPPORT LEAD,5,Master's in HR Management,Candidate_194,UX Design;Cloud Computing;Data Analysis;Excel;Project Management,Female,J002
Candidate_006_Bilal_Mirza.pdf,Bilal Mirza,bilal.mirza@example.com,-7187433,10/11/1982,CUSTOMER SUPPORT LEAD,8,Master's in HR Management,Candidate_006,Cloud Computing;efficiency.;Excel;Project Management;Data Analysis,Male,J002
Candidate_220_Faisal_Hussain.pdf,Faisal Hussain,faisal.hussain@example.com,-3258689,2/18/1997,CUSTOMER SUPPORT LEAD,3,Master's in HR Management,Candidate_220,Data Analysis;SQL;UX Design;Cloud Computing;Python,Male,J002
Candidate_107_Mina_Farooq.pdf,Mina Farooq,mina.farooq@example.com,-2870321,6/27/2000,SENIOR DATA ANALYST,4,Master's in HR Management,Candidate_107,HR Policies;Cloud Computing;Digital Marketing;UX Design;Power BI,Female,J003
Candidate_295_Ayesha_Mirza.pdf,Ayesha Mirza,ayesha.mirza@example.com,-1043950,7/24/1999,SENIOR DATA ANALYST,3,Master's in HR Management,Candidate_295,Excel;Digital Marketing;HR Policies;UX Design;Python,Female,J003
Candidate_261_Sara_Raza.pdf,Sara Raza,sara.raza@example.com,-5210410,10/18/1986,SENIOR DATA ANALYST,1,Master's in HR Management,Candidate_261,Data Analysis;Cloud Computing;Excel;UX Design;Project Management,Female,J003
Candidate_049_Mina_Sheikh.pdf,Mina Sheikh,mina.sheikh@example.com,-4711466,3/12/1994,SENIOR DATA ANALYST,7,Master's in HR Management,Candidate_049,SQL;Excel;Power BI;Python;UX Design,Female,J003
Candidate_134_Sara_Khan.pdf,Sara Khan,sara.khan@example.com,-1316842,6/26/1989,SENIOR DATA ANALYST,2,Master's in HR Management,Candidate_134,UX Design;Cloud Computing;Power BI;Excel;HR Policies,Female,J003
Candidate_252_Faisal_Sheikh.pdf,Faisal Sheikh,faisal.sheikh@example.com,-4991578,1/28/1985,PROCUREMENT SPECIALIST,8,Master's in HR Management,Candidate_252,Power BI;UX Design;Project Management;Digital Marketing;Python,Male,J004
Candidate_193_Omar_Mirza.pdf,Omar Mirza,omar.mirza@example.com,-7750146,10/29/2000,PROCUREMENT SPECIALIST,3,Master's in HR Management,Candidate_193,HR Policies;Power BI;SQL;UX Design;Data Analysis,Male,J004
Candidate_199_Zara_Sheikh.pdf,Zara Sheikh,zara.sheikh@example.com,-6743528,3/24/1982,PROCUREMENT SPECIALIST,2,Master's in HR Management,Candidate_199,Power BI;Cloud Computing;Digital Marketing;Excel;HR Policies,Female,J004
Candidate_265_Zara_Jamil.pdf,Zara Jamil,zara.jamil@example.com,-7730062,7/11/1985,PROCUREMENT SPECIALIST,6,Master's in HR Management,Candidate_265,Excel;Power BI;UX Design;Digital Marketing;Cloud Computing,Female,J004
Candidate_041_Ayesha_Farooq.pdf,Ayesha Farooq,ayesha.farooq@example.com,-4513318,1/30/1994,PROCUREMENT SPECIALIST,1,Master's in HR Management,Candidate_041,Cloud Computing;efficiency.;Data Analysis;Python;UX Design,Female,J004
Candidate_238_Hassan_Chaudhry.pdf,Hassan Chaudhry,hassan.chaudhry@example.com,-2133533,11/17/1987,PROCUREMENT SPECIALIST,2,Master's in HR Management,Candidate_238,UX Design;Data Analysis;SQL;Power BI;HR Policies,Male,J004
Candidate_116_Hassan_Raza.pdf,Hassan Raza,hassan.raza@example.com,-9688183,12/6/1994,PROCUREMENT SPECIALIST,7,Master's in HR Management,Candidate_116,Digital Marketing;HR Policies;UX Design;Python;Power BI,Male,J004
Candidate_068_Ali_Mirza.pdf,Ali Mirza,ali.mirza@example.com,-8909862,2/27/1999,PROCUREMENT SPECIALIST,8,Master's in HR Management,Candidate_068,Cloud Computing;efficiency.;Power BI;Digital Marketing;Data Analysis,Female,J004
Candidate_281_Bilal_Jamil.pdf,Bilal Jamil,bilal.jamil@example.com,-5864717,2/17/1984,IT SUPPORT SPECIALIST,4,Master's in HR Management,Candidate_281,Data Analysis;Power BI;Project Management;UX Design;Digital Marketing,Male,J006
Candidate_200_Hassan_Jamil.pdf,Hassan Jamil,hassan.jamil@example.com,-8228903,6/16/1988,IT SUPPORT SPECIALIST,1,Master's in HR Management,Candidate_200,SQL;Excel;Digital Marketing;Power BI;UX Design,Male,J006
Candidate_156_Nadia_Chaudhry.pdf,Nadia Chaudhry,nadia.chaudhry@example.com,-5155686,7/24/1989,IT SUPPORT SPECIALIST,2,Master's in HR Management,Candidate_156,Project Management;efficiency.;Digital Marketing;Python;Power BI,Female,J006
Candidate_040_Sara_Chaudhry.pdf,Sara Chaudhry,sara.chaudhry@example.com,-7732419,5/23/1991,IT SUPPORT SPECIALIST,2,Master's in HR Management,Candidate_040,HR Policies;Power BI;Python;SQL;Data Analysis,Female,J006
Candidate_057_Ayesha_Ahmed.pdf,Ayesha Ahmed,ayesha.ahmed@example.com,-2548788,4/24/2000,IT SUPPORT SPECIALIST,8,Master's in HR Management,Candidate_057,Project Management;efficiency.;UX Design;Python;Digital Marketing,Female,J006
Candidate_155_Faisal_Ahmed.pdf,Faisal Ahmed,faisal.ahmed@example.com,-1045457,2/13/1985,IT SUPPORT SPECIALIST,8,Master's in HR Management,Candidate_155,Python;Data Analysis;Digital Marketing;SQL;Excel,Male,J006
Candidate_098_Zara_Hussain.pdf,Zara Hussain,zara.hussain@example.com,-7161667,11/13/1982,IT SUPPORT SPECIALIST,6,Master's in HR Management,Candidate_098,Python;HR Policies;Project Management;SQL;Data Analysis,Female,J006
Candidate_173_Faisal_Sheikh.pdf,Faisal Sheikh,faisal.sheikh@example.com,-6129652,9/23/2000,PROJECT MANAGER,2,Master's in HR Management,Candidate_173,SQL;Excel;Digital Marketing;Data Analysis;Python,Male,J007
Candidate_247_Ali_Khan.pdf,Ali Khan,ali.khan@example.com,-4158899,9/16/1991,PROJECT MANAGER,3,Master's in HR Management,Candidate_247,SQL;Cloud Computing;Project Management;Python;UX Design,Female,J007
Candidate_198_Zara_Chaudhry.pdf,Zara Chaudhry,zara.chaudhry@example.com,-5492399,12/18/1998,PROJECT MANAGER,8,Master's in HR Management,Candidate_198,Python;Power BI;SQL;Digital Marketing;Cloud Computing,Female,J007
Candidate_197_Faisal_Ahmed.pdf,Faisal Ahmed,faisal.ahmed@example.com,-5185382,10/5/1999,PROJECT MANAGER,7,Master's in HR Management,Candidate_197,Excel;Project Management;Power BI;SQL;HR Policies,Male,J007
Candidate_062_Mina_Ahmed.pdf,Mina Ahmed,mina.ahmed@example.com,-4176585,7/9/1989,PROJECT MANAGER,8,Master's in HR Management,Candidate_062,UX Design;Project Management;Data Analysis;HR Policies;Cloud Computing,Female,J007
Candidate_254_Ayesha_Farooq.pdf,Ayesha Farooq,ayesha.farooq@example.com,-4486321,8/19/1992,HUMAN RESOURCES MANAGER,2,Master's in HR Management,Candidate_254,Python;Power BI;HR Policies;Project Management;UX Design,Female,J011
Candidate_023_Nadia_Raza.pdf,Nadia Raza,nadia.raza@example.com,-9161422,1/29/1986,HUMAN RESOURCES MANAGER,7,Master's in HR Management,Candidate_023,Excel;Cloud Computing;Python;Project Management;HR Policies,Female,J011
Candidate_001_Nadia_Mirza.pdf,Nadia Mirza,nadia.mirza@example.com,-1688919,2/14/1991,HUMAN RESOURCES MANAGER,4,Master's in HR Management,Candidate_001,HR Policies;SQL;Power BI;UX Design;Cloud Computing,Female,J011
Candidate_119_Faisal_Jamil.pdf,Faisal Jamil,faisal.jamil@example.com,-5812637,8/5/1997,HUMAN RESOURCES MANAGER,2,Master's in HR Management,Candidate_119,Python;UX Design;Project Management;Cloud Computing;Data Analysis,Male,J011
Candidate_089_Ayesha_Raza.pdf,Ayesha Raza,ayesha.raza@example.com,-3715991,2/21/1984,SENIOR SOFTWARE ENGINEER,6,Master's in HR Management,Candidate_089,Data Analysis;Project Management;HR Policies;UX Design;Cloud Computing,Female,J012
Candidate_123_Bilal_Raza.pdf,Bilal Raza,bilal.raza@example.com,-5832293,11/27/1982,SENIOR SOFTWARE ENGINEER,8,Master's in HR Management,Candidate_123,Project Management;efficiency.;UX Design;Cloud Computing;Power BI,Male,J012
Candidate_256_Sara_Chaudhry.pdf,Sara Chaudhry,sara.chaudhry@example.com,-7276847,2/24/1980,SENIOR SOFTWARE ENGINEER,2,Master's in HR Management,Candidate_256,HR Policies;Project Management;Data Analysis;Excel;SQL,Female,J012
Candidate_182_Faisal_Ahmed.pdf,Faisal Ahmed,faisal.ahmed@example.com,-1034987,8/3/1991,SENIOR SOFTWARE ENGINEER,7,Master's in HR Management,Candidate_182,Cloud Computing;efficiency.;Python;Power BI;Data Analysis,Male,J012
Candidate_132_Ali_Iqbal.pdf,Ali Iqbal,ali.iqbal@example.com,-5570757,11/28/2000,SENIOR SOFTWARE ENGINEER,6,Master's in HR Management,Candidate_132,Cloud Computing;efficiency.;HR Policies;Python;Excel,Female,J012
Candidate_060_Hassan_Hussain.pdf,Hassan Hussain,hassan.hussain@example.com,-6888262,8/17/1983,SENIOR SOFTWARE ENGINEER,2,Master's in HR Management,Candidate_060,Python;SQL;HR Policies;Excel;Power BI,Male,J012
Candidate_269_Nadia_Mirza.pdf,Nadia Mirza,nadia.mirza@example.com,-8129274,4/4/1985,SENIOR SOFTWARE ENGINEER,6,Master's in HR Management,Candidate_269,HR Policies;SQL;Project Management;UX Design;Cloud Computing,Female,J012
Candidate_187_Ali_Hussain.pdf,Ali Hussain,ali.hussain@example.com,-7550218,10/2/1998,SENIOR SOFTWARE ENGINEER,1,Master's in HR Management,Candidate_187,Project Management;efficiency.;Cloud Computing;Power BI;Excel,Female,J012
Candidate_025_Zara_Khan.pdf,Zara Khan,zara.khan@example.com,-9506900,2/11/1981,SENIOR SOFTWARE ENGINEER,5,Master's in HR Management,Candidate_025,Power BI;Python;Excel;Data Analysis;UX Design,Female,J012
Candidate_285_Ali_Raza.pdf,Ali Raza,ali.raza@example.com,-6556061,9/3/2000,SENIOR SOFTWARE ENGINEER,2,Master's in HR Management,Candidate_285,Power BI;Python;Excel;Digital Marketing;Project Management,Female,J012
Candidate_273_Faisal_Hussain.pdf,Faisal Hussain,faisal.hussain@example.com,-4138723,1/12/1986,QA ENGINEER,6,Master's in HR Management,Candidate_273,SQL;Digital Marketing;Excel;Python;Data Analysis,Male,J014
Candidate_275_Mina_Chaudhry.pdf,Mina Chaudhry,mina.chaudhry@example.com,-2807838,6/19/1992,QA ENGINEER,8,Master's in HR Management,Candidate_275,UX Design;Python;Project Management;Power BI;Digital Marketing,Female,J014
Candidate_010_Bilal_Raza.pdf,Bilal Raza,bilal.raza@example.com,-6231735,9/17/1983,QA ENGINEER,1,Master's in HR Management,Candidate_010,HR Policies;Excel;SQL;Digital Marketing;UX Design,Male,J014
Candidate_244_Faisal_Farooq.pdf,Faisal Farooq,faisal.farooq@example.com,-9469397,4/26/1997,QA ENGINEER,2,Master's in HR Management,Candidate_244,SQL;HR Policies;Python;Cloud Computing;UX Design,Male,J014
Candidate_204_Mina_Raza.pdf,Mina Raza,mina.raza@example.com,-3770311,12/23/1997,QA ENGINEER,5,Master's in HR Management,Candidate_204,Project Management;efficiency.;Data Analysis;SQL;UX Design,Female,J014
Candidate_259_Mina_Mirza.pdf,Mina Mirza,mina.mirza@example.com,-9433282,12/1/1999,OPERATIONS MANAGER,4,Master's in HR Management,Candidate_259,Python;Digital Marketing;HR Policies;Project Management;SQL,Female,J017
Candidate_118_Sara_Chaudhry.pdf,Sara Chaudhry,sara.chaudhry@example.com,-6036216,11/19/1984,OPERATIONS MANAGER,7,Master's in HR Management,Candidate_118,Project Management;efficiency.;Power BI;Digital Marketing;SQL,Female,J017
Candidate_076_Ayesha_Hussain.pdf,Ayesha Hussain,ayesha.hussain@example.com,-6568372,6/3/1996,OPERATIONS MANAGER,5,Master's in HR Management,Candidate_076,UX Design;Data Analysis;Cloud Computing;Project Management;Excel,Female,J017
Candidate_137_Faisal_Chaudhry.pdf,Faisal Chaudhry,faisal.chaudhry@example.com,-2158936,4/12/1982,OPERATIONS MANAGER,7,Master's in HR Management,Candidate_137,Python;Power BI;Digital Marketing;HR Policies;UX Design,Male,J017
Candidate_188_Hassan_Hussain.pdf,Hassan Hussain,hassan.hussain@example.com,-9933521,3/28/1992,OPERATIONS MANAGER,6,Master's in HR Management,Candidate_188,HR Policies;Data Analysis;SQL;Cloud Computing;Digital Marketing,Male,J017
Candidate_209_Mina_Hussain.pdf,Mina Hussain,mina.hussain@example.com,-4516827,3/29/1982,OPERATIONS MANAGER,7,Master's in HR Management,Candidate_209,HR Policies;Python;Digital Marketing;Project Management;Power BI,Female,J017
Candidate_093_Zara_Iqbal.pdf,Zara Iqbal,zara.iqbal@example.com,-1281317,1/20/1989,FINANCE OFFICER,8,Master's in HR Management,Candidate_093,Cloud Computing;efficiency.;SQL;Digital Marketing;UX Design,Female,J018
Candidate_258_Hassan_Khan.pdf,Hassan Khan,hassan.khan@example.com,-9005965,2/12/1982,FINANCE OFFICER,4,Master's in HR Management,Candidate_258,Power BI;Project Management;Digital Marketing;Cloud Computing;Python,Male,J018
Candidate_109_Ali_Ahmed.pdf,Ali Ahmed,ali.ahmed@example.com,-2773918,3/29/1981,FINANCE OFFICER,2,Master's in HR Management,Candidate_109,HR Policies;Project Management;Data Analysis;Power BI;Cloud Computing,Female,J018
Candidate_177_Ali_Jamil.pdf,Ali Jamil,ali.jamil@example.com,-7128251,11/25/1993,CONTENT WRITER,2,Master's in HR Management,Candidate_177,Cloud Computing;efficiency.;Excel;UX Design;Power BI,Female,J020
Candidate_190_Bilal_Sheikh.pdf,Bilal Sheikh,bilal.sheikh@example.com,-1161959,4/2/1982,CONTENT WRITER,4,Master's in HR Management,Candidate_190,SQL;Cloud Computing;HR Policies;UX Design;Excel,Male,J020
Candidate_181_Faisal_Sheikh.pdf,Faisal Sheikh,faisal.sheikh@example.com,-4442609,12/6/1997,CONTENT WRITER,3,Master's in HR Management,Candidate_181,HR Policies;Cloud Computing;Python;Project Management;UX Design,Male,J020
Candidate_142_Bilal_Sheikh.pdf,Bilal Sheikh,bilal.sheikh@example.com,-1262031,2/8/1991,CONTENT WRITER,4,Master's in HR Management,Candidate_142,Data Analysis;Power BI;Excel;Project Management;SQL,Male,J020
Candidate_011_Ayesha_Sheikh.pdf,Ayesha Sheikh,ayesha.sheikh@example.com,-7319358,9/17/1986,MARKETING COORDINATOR,2,MBA,Candidate_011,UX Design;Data Analysis;Cloud Computing;HR Policies;Excel,Female,J001
Candidate_047_Mina_Khan.pdf,Mina Khan,mina.khan@example.com,-8357833,12/10/1993,MARKETING COORDINATOR,7,MBA,Candidate_047,Excel;Power BI;Data Analysis;Project Management;HR Policies,Female,J001
Candidate_064_Omar_Farooq.pdf,Omar Farooq,omar.farooq@example.com,-8350873,4/24/1982,MARKETING COORDINATOR,3,MBA,Candidate_064,Data Analysis;Python;Digital Marketing;HR Policies;Power BI,Male,J001
Candidate_144_Sara_Farooq.pdf,Sara Farooq,sara.farooq@example.com,-5036552,7/16/1985,MARKETING COORDINATOR,3,MBA,Candidate_144,Digital Marketing;Power BI;Project Management;Cloud Computing;SQL,Female,J001
Candidate_232_Faisal_Raza.pdf,Faisal Raza,faisal.raza@example.com,-7239034,4/14/1999,MARKETING COORDINATOR,7,MBA,Candidate_232,UX Design;Power BI;Cloud Computing;HR Policies;Project Management,Male,J001
Candidate_140_Faisal_Chaudhry.pdf,Faisal Chaudhry,faisal.chaudhry@example.com,-2847938,1/12/1991,CUSTOMER SUPPORT LEAD,1,MBA,Candidate_140,SQL;Power BI;Cloud Computing;Project Management;UX Design,Male,J002
Candidate_185_Omar_Raza.pdf,Omar Raza,omar.raza@example.com,-9829581,12/27/1990,CUSTOMER SUPPORT LEAD,7,MBA,Candidate_185,Data Analysis;UX Design;Excel;HR Policies;Power BI,Male,J002
Candidate_290_Bilal_Raza.pdf,Bilal Raza,bilal.raza@example.com,-5880433,12/2/1998,CUSTOMER SUPPORT LEAD,6,MBA,Candidate_290,SQL;Digital Marketing;Power BI;Python;Cloud Computing,Male,J002
Candidate_231_Sara_Raza.pdf,Sara Raza,sara.raza@example.com,-4820193,11/12/1998,CUSTOMER SUPPORT LEAD,3,MBA,Candidate_231,Digital Marketing;HR Policies;Excel;Cloud Computing;Python,Female,J002
Candidate_088_Ali_Mirza.pdf,Ali Mirza,ali.mirza@example.com,-5993915,3/30/1982,SENIOR DATA ANALYST,5,MBA,Candidate_088,Python;Cloud Computing;HR Policies;Project Management;Data Analysis,Female,J003
Candidate_120_Ali_Chaudhry.pdf,Ali Chaudhry,ali.chaudhry@example.com,-1934096,2/27/1994,SENIOR DATA ANALYST,3,MBA,Candidate_120,UX Design;Digital Marketing;SQL;Project Management;HR Policies,Female,J003
Candidate_277_Hassan_Sheikh.pdf,Hassan Sheikh,hassan.sheikh@example.com,-6400646,12/26/1986,SENIOR DATA ANALYST,6,MBA,Candidate_277,Power BI;Digital Marketing;Excel;HR Policies;Project Management,Male,J003
Candidate_097_Omar_Chaudhry.pdf,Omar Chaudhry,omar.chaudhry@example.com,-9130243,11/16/1991,SENIOR DATA ANALYST,7,MBA,Candidate_097,Excel;UX Design;Project Management;HR Policies;Digital Marketing,Male,J003
Candidate_175_Faisal_Sheikh.pdf,Faisal Sheikh,faisal.sheikh@example.com,-1374814,2/5/1992,SENIOR DATA ANALYST,6,MBA,Candidate_175,Power BI;UX Design;SQL;Python;Excel,Male,J003
Candidate_154_Sara_Hussain.pdf,Sara Hussain,sara.hussain@example.com,-2004202,7/19/1991,SENIOR DATA ANALYST,1,MBA,Candidate_154,Data Analysis;Python;Project Management;Digital Marketing;UX Design,Female,J003
Candidate_003_Ayesha_Chaudhry.pdf,Ayesha Chaudhry,ayesha.chaudhry@example.com,-4181870,3/14/1993,PROCUREMENT SPECIALIST,7,MBA,Candidate_003,UX Design;Digital Marketing;Project Management;Excel;Python,Female,J004
Candidate_022_Mina_Sheikh.pdf,Mina Sheikh,mina.sheikh@example.com,-1941955,12/22/1981,PROCUREMENT SPECIALIST,2,MBA,Candidate_022,SQL;UX Design;HR Policies;Excel;Data Analysis,Female,J004
Candidate_208_Hassan_Iqbal.pdf,Hassan Iqbal,hassan.iqbal@example.com,-1627446,11/7/1990,PROCUREMENT SPECIALIST,6,MBA,Candidate_208,Digital Marketing;Data Analysis;SQL;Excel;Power BI,Male,J004
Candidate_061_Sara_Raza.pdf,Sara Raza,sara.raza@example.com,-5132251,12/3/1994,PROCUREMENT SPECIALIST,4,MBA,Candidate_061,Digital Marketing;Power BI;Excel;HR Policies;Project Management,Female,J004
Candidate_222_Nadia_Hussain.pdf,Nadia Hussain,nadia.hussain@example.com,-8732272,2/7/1995,PROCUREMENT SPECIALIST,1,MBA,Candidate_222,Project Management;efficiency.;Python;SQL;Power BI,Female,J004
Candidate_128_Mina_Sheikh.pdf,Mina Sheikh,mina.sheikh@example.com,-4859766,5/16/1994,PROCUREMENT SPECIALIST,8,MBA,Candidate_128,Digital Marketing;HR Policies;Excel;SQL;Power BI,Female,J004
Candidate_189_Ayesha_Raza.pdf,Ayesha Raza,ayesha.raza@example.com,-2125182,6/22/1994,PROCUREMENT SPECIALIST,5,MBA,Candidate_189,UX Design;SQL;Data Analysis;HR Policies;Power BI,Female,J004
Candidate_106_Ali_Iqbal.pdf,Ali Iqbal,ali.iqbal@example.com,-5229209,11/25/1985,IT SUPPORT SPECIALIST,3,MBA,Candidate_106,UX Design;Project Management;Excel;Digital Marketing;Cloud Computing,Female,J006
Candidate_278_Ayesha_Farooq.pdf,Ayesha Farooq,ayesha.farooq@example.com,-1370152,5/13/2000,IT SUPPORT SPECIALIST,8,MBA,Candidate_278,UX Design;Power BI;Digital Marketing;Data Analysis;Cloud Computing,Female,J006
Candidate_239_Omar_Hussain.pdf,Omar Hussain,omar.hussain@example.com,-5347354,4/27/1997,IT SUPPORT SPECIALIST,6,MBA,Candidate_239,UX Design;Project Management;Cloud Computing;SQL;Python,Male,J006
Candidate_159_Omar_Jamil.pdf,Omar Jamil,omar.jamil@example.com,-7661911,3/9/1994,IT SUPPORT SPECIALIST,6,MBA,Candidate_159,Excel;UX Design;SQL;Digital Marketing;Data Analysis,Male,J006
Candidate_070_Ali_Sheikh.pdf,Ali Sheikh,ali.sheikh@example.com,-6149275,4/26/1989,IT SUPPORT SPECIALIST,6,MBA,Candidate_070,Data Analysis;Excel;Cloud Computing;Python;Digital Marketing,Female,J006
Candidate_111_Zara_Mirza.pdf,Zara Mirza,zara.mirza@example.com,-6522145,5/30/1998,PROJECT MANAGER,1,MBA,Candidate_111,Cloud Computing;efficiency.;Excel;Python;Digital Marketing,Female,J007
Candidate_150_Zara_Hussain.pdf,Zara Hussain,zara.hussain@example.com,-7559059,9/12/1985,PROJECT MANAGER,7,MBA,Candidate_150,Python;UX Design;Excel;Cloud Computing;Digital Marketing,Female,J007
Candidate_227_Hassan_Farooq.pdf,Hassan Farooq,hassan.farooq@example.com,-7656521,1/20/1988,PROJECT MANAGER,1,MBA,Candidate_227,Cloud Computing;efficiency.;SQL;Data Analysis;UX Design,Male,J007
Candidate_056_Hassan_Hussain.pdf,Hassan Hussain,hassan.hussain@example.com,-4366313,2/2/1980,PROJECT MANAGER,3,MBA,Candidate_056,Excel;Power BI;Digital Marketing;UX Design;Data Analysis,Male,J007
Candidate_296_Ayesha_Iqbal.pdf,Ayesha Iqbal,ayesha.iqbal@example.com,-1910855,7/24/1983,PROJECT MANAGER,3,MBA,Candidate_296,Power BI;Excel;Project Management;UX Design;Python,Female,J007
Candidate_015_Sara_Hussain.pdf,Sara Hussain,sara.hussain@example.com,-2202826,4/15/1991,HUMAN RESOURCES MANAGER,1,MBA,Candidate_015,UX Design;Data Analysis;SQL;Power BI;Excel,Female,J011
Candidate_065_Ayesha_Ahmed.pdf,Ayesha Ahmed,ayesha.ahmed@example.com,-1609763,6/21/1991,HUMAN RESOURCES MANAGER,6,MBA,Candidate_065,Project Management;efficiency.;Python;HR Policies;Excel,Female,J011
Candidate_164_Ali_Raza.pdf,Ali Raza,ali.raza@example.com,-1940251,9/30/1993,HUMAN RESOURCES MANAGER,7,MBA,Candidate_164,Data Analysis;Excel;Digital Marketing;UX Design;Python,Female,J011
Candidate_264_Ali_Iqbal.pdf,Ali Iqbal,ali.iqbal@example.com,-1543753,1/22/1982,HUMAN RESOURCES MANAGER,8,MBA,Candidate_264,HR Policies;Excel;Python;Cloud Computing;SQL,Female,J011
Candidate_143_Sara_Iqbal.pdf,Sara Iqbal,sara.iqbal@example.com,-4133244,12/20/1995,HUMAN RESOURCES MANAGER,2,MBA,Candidate_143,SQL;Power BI;Python;Data Analysis;Cloud Computing,Female,J011
Candidate_092_Ali_Jamil.pdf,Ali Jamil,ali.jamil@example.com,-6450775,9/26/1983,HUMAN RESOURCES MANAGER,6,MBA,Candidate_092,Cloud Computing;efficiency.;UX Design;Python;Digital Marketing,Female,J011
Candidate_033_Hassan_Mirza.pdf,Hassan Mirza,hassan.mirza@example.com,-3696341,5/23/1997,QA ENGINEER,4,MBA,Candidate_033,HR Policies;Python;Excel;Digital Marketing;Data Analysis,Male,J014
Candidate_138_Nadia_Iqbal.pdf,Nadia Iqbal,nadia.iqbal@example.com,-3565621,11/21/1987,QA ENGINEER,7,MBA,Candidate_138,HR Policies;Excel;Digital Marketing;Cloud Computing;Python,Female,J014
Candidate_263_Bilal_Chaudhry.pdf,Bilal Chaudhry,bilal.chaudhry@example.com,-3807717,8/31/1994,QA ENGINEER,7,MBA,Candidate_263,Power BI;Project Management;Python;Cloud Computing;Digital Marketing,Male,J014
Candidate_192_Ayesha_Raza.pdf,Ayesha Raza,ayesha.raza@example.com,-5545403,1/31/1993,QA ENGINEER,8,MBA,Candidate_192,UX Design;Project Management;Digital Marketing;Excel;Python,Female,J014
Candidate_102_Bilal_Ahmed.pdf,Bilal Ahmed,bilal.ahmed@example.com,-2794615,2/9/1987,QA ENGINEER,6,MBA,Candidate_102,Digital Marketing;HR Policies;Project Management;Python;Power BI,Male,J014
Candidate_054_Zara_Raza.pdf,Zara Raza,zara.raza@example.com,-8457396,10/3/1980,QA ENGINEER,6,MBA,Candidate_054,Digital Marketing;SQL;HR Policies;UX Design;Power BI,Female,J014
Candidate_110_Sara_Raza.pdf,Sara Raza,sara.raza@example.com,-5915590,7/30/2000,QA ENGINEER,5,MBA,Candidate_110,Python;Project Management;HR Policies;Power BI;UX Design,Female,J014
Candidate_212_Bilal_Ahmed.pdf,Bilal Ahmed,bilal.ahmed@example.com,-6682756,5/25/1993,QA ENGINEER,7,MBA,Candidate_212,Python;HR Policies;UX Design;Digital Marketing;Cloud Computing,Male,J014
Candidate_214_Ayesha_Jamil.pdf,Ayesha Jamil,ayesha.jamil@example.com,-5403397,3/15/1984,QA ENGINEER,8,MBA,Candidate_214,Power BI;SQL;Project Management;Digital Marketing;HR Policies,Female,J014
Candidate_038_Sara_Ahmed.pdf,Sara Ahmed,sara.ahmed@example.com,-3154273,1/27/1994,OPERATIONS MANAGER,1,MBA,Candidate_038,Cloud Computing;efficiency.;Project Management;Data Analysis;HR Policies,Female,J017
Candidate_215_Hassan_Raza.pdf,Hassan Raza,hassan.raza@example.com,-9574625,10/18/1982,OPERATIONS MANAGER,7,MBA,Candidate_215,Digital Marketing;Project Management;SQL;Excel;Python,Male,J017
Candidate_141_Ayesha_Khan.pdf,Ayesha Khan,ayesha.khan@example.com,-6193707,10/24/1999,OPERATIONS MANAGER,7,MBA,Candidate_141,Python;Power BI;UX Design;Data Analysis;HR Policies,Female,J017
Candidate_008_Zara_Mirza.pdf,Zara Mirza,zara.mirza@example.com,-6910025,11/1/1987,FINANCE OFFICER,4,MBA,Candidate_008,Excel;Cloud Computing;HR Policies;Project Management;SQL,Female,J018
Candidate_083_Mina_Jamil.pdf,Mina Jamil,mina.jamil@example.com,-6123854,4/10/1983,FINANCE OFFICER,7,MBA,Candidate_083,SQL;Power BI;Project Management;Excel;Digital Marketing,Female,J018
Candidate_014_Ali_Iqbal.pdf,Ali Iqbal,ali.iqbal@example.com,-7553927,9/29/1986,FINANCE OFFICER,3,MBA,Candidate_014,Data Analysis;Python;SQL;HR Policies;Digital Marketing,Female,J018
Candidate_262_Ayesha_Mirza.pdf,Ayesha Mirza,ayesha.mirza@example.com,-8538659,4/11/2000,FINANCE OFFICER,5,MBA,Candidate_262,HR Policies;Cloud Computing;Power BI;Data Analysis;SQL,Female,J018
Candidate_055_Hassan_Jamil.pdf,Hassan Jamil,hassan.jamil@example.com,-9602413,8/25/1994,FINANCE OFFICER,4,MBA,Candidate_055,HR Policies;Project Management;Python;Power BI;Excel,Male,J018
Candidate_101_Ali_Sheikh.pdf,Ali Sheikh,ali.sheikh@example.com,-2677010,9/25/1996,FINANCE OFFICER,1,MBA,Candidate_101,Power BI;HR Policies;Cloud Computing;Excel;UX Design,Female,J018
Candidate_153_Faisal_Mirza.pdf,Faisal Mirza,faisal.mirza@example.com,-1057810,8/3/1983,FINANCE OFFICER,5,MBA,Candidate_153,UX Design;Cloud Computing;Project Management;Data Analysis;Excel,Male,J018
Candidate_218_Mina_Chaudhry.pdf,Mina Chaudhry,mina.chaudhry@example.com,-2894487,11/21/1987,FINANCE OFFICER,4,MBA,Candidate_218,HR Policies;Python;Power BI;Digital Marketing;SQL,Female,J018
Candidate_253_Ali_Iqbal.pdf,Ali Iqbal,ali.iqbal@example.com,-1319737,8/31/1994,FINANCE OFFICER,2,MBA,Candidate_253,SQL;UX Design;Data Analysis;Excel;HR Policies,Female,J018
Candidate_045_Omar_Raza.pdf,Omar Raza,omar.raza@example.com,-1898485,1/5/1993,CONTENT WRITER,2,MBA,Candidate_045,SQL;Power BI;Python;Project Management;UX Design,Male,J020
Candidate_048_Sara_Hussain.pdf,Sara Hussain,sara.hussain@example.com,-4627820,9/21/1993,CONTENT WRITER,6,MBA,Candidate_048,Python;HR Policies;Digital Marketing;Excel;Power BI,Female,J020
Candidate_063_Omar_Chaudhry.pdf,Omar Chaudhry,omar.chaudhry@example.com,-9294315,1/25/1988,CONTENT WRITER,7,MBA,Candidate_063,Data Analysis;UX Design;Project Management;Power BI;Cloud Computing,Male,J020
Candidate_129_Ali_Sheikh.pdf,Ali Sheikh,ali.sheikh@example.com,-2142634,12/13/1989,CONTENT WRITER,6,MBA,Candidate_129,HR Policies;Excel;Data Analysis;SQL;Python,Female,J020
Candidate_115_Ayesha_Farooq.pdf,Ayesha Farooq,ayesha.farooq@example.com,-5226249,12/8/1998,CONTENT WRITER,1,MBA,Candidate_115,Project Management;efficiency.;UX Design;Cloud Computing;Data Analysis,Female,J020
Candidate_274_Ali_Khan.pdf,Ali Khan,ali.khan@example.com,-7381432,6/1/1999,MARKETING COORDINATOR,5,Bachelor's in Finance,Candidate_274,Digital Marketing;Data Analysis;HR Policies;UX Design;Excel,Female,J001
Candidate_293_Sara_Jamil.pdf,Sara Jamil,sara.jamil@example.com,-1874665,5/5/1980,MARKETING COORDINATOR,6,Bachelor's in Finance,Candidate_293,SQL;Digital Marketing;UX Design;Python;Data Analysis,Female,J001
Candidate_300_Faisal_Sheikh.pdf,Faisal Sheikh,faisal.sheikh@example.com,-6107117,10/30/1988,MARKETING COORDINATOR,7,Bachelor's in Finance,Candidate_300,Excel;HR Policies;Digital Marketing;UX Design;Data Analysis,Male,J001
Candidate_086_Nadia_Khan.pdf,Nadia Khan,nadia.khan@example.com,-8284506,1/29/1992,MARKETING COORDINATOR,3,Bachelor's in Business Administration,Candidate_086,HR Policies;SQL;Power BI;Cloud Computing;Excel,Female,J001
Candidate_233_Ayesha_Khan.pdf,Ayesha Khan,ayesha.khan@example.com,-7814571,8/26/1986,MARKETING COORDINATOR,4,Bachelor's in Business Administration,Candidate_233,Project Management;efficiency.;Cloud Computing;Power BI;Excel,Female,J001
Candidate_168_Nadia_Chaudhry.pdf,Nadia Chaudhry,nadia.chaudhry@example.com,-5584587,8/24/1992,MARKETING COORDINATOR,8,Bachelor's in Finance,Candidate_168,Digital Marketing;Project Management;SQL;Python;Data Analysis,Female,J001
Candidate_166_Ayesha_Hussain.pdf,Ayesha Hussain,ayesha.hussain@example.com,-3222344,4/28/1999,MARKETING COORDINATOR,3,Bachelor's in Business Administration,Candidate_166,Power BI;Excel;UX Design;Cloud Computing;Data Analysis,Female,J001
Candidate_072_Faisal_Ahmed.pdf,Faisal Ahmed,faisal.ahmed@example.com,-8765205,10/10/1992,MARKETING COORDINATOR,8,Bachelor's in Business Administration,Candidate_072,SQL;Data Analysis;Digital Marketing;Python;Cloud Computing,Male,J001
Candidate_260_Faisal_Jamil.pdf,Faisal Jamil,faisal.jamil@example.com,-3549509,3/1/1993,MARKETING COORDINATOR,6,Bachelor's in Business Administration,Candidate_260,Python;Cloud Computing;HR Policies;UX Design;Power BI,Male,J001
Candidate_136_Ayesha_Mirza.pdf,Ayesha Mirza,ayesha.mirza@example.com,-6043430,4/12/1982,MARKETING COORDINATOR,3,Bachelor's in Finance,Candidate_136,UX Design;HR Policies;Python;Power BI;Excel,Female,J001
Candidate_135_Nadia_Chaudhry.pdf,Nadia Chaudhry,nadia.chaudhry@example.com,-1729206,8/6/1989,CUSTOMER SUPPORT LEAD,8,Bachelor's in Business Administration,Candidate_135,SQL;Excel;Cloud Computing;Data Analysis;UX Design,Female,J002
Candidate_202_Sara_Hussain.pdf,Sara Hussain,sara.hussain@example.com,-4486130,6/11/1996,CUSTOMER SUPPORT LEAD,6,Bachelor's in Finance,Candidate_202,Project Management;efficiency.;Python;Cloud Computing;Excel,Female,J002
Candidate_196_Hassan_Jamil.pdf,Hassan Jamil,hassan.jamil@example.com,-5560451,4/18/2000,CUSTOMER SUPPORT LEAD,2,Bachelor's in Business Administration,Candidate_196,Digital Marketing;Power BI;UX Design;Data Analysis;Cloud Computing,Male,J002
Candidate_029_Ali_Iqbal.pdf,Ali Iqbal,ali.iqbal@example.com,-9092017,1/30/1988,CUSTOMER SUPPORT LEAD,2,Bachelor's in Business Administration,Candidate_029,Project Management;efficiency.;Data Analysis;Cloud Computing;Power BI,Female,J002
Candidate_145_Omar_Iqbal.pdf,Omar Iqbal,omar.iqbal@example.com,-2695941,1/14/1982,CUSTOMER SUPPORT LEAD,6,Bachelor's in Business Administration,Candidate_145,Cloud Computing;efficiency.;UX Design;HR Policies;Data Analysis,Male,J002
Candidate_020_Mina_Hussain.pdf,Mina Hussain,mina.hussain@example.com,-6656340,6/30/1993,CUSTOMER SUPPORT LEAD,4,Bachelor's in Business Administration,Candidate_020,Python;Cloud Computing;UX Design;Power BI;Project Management,Female,J002
Candidate_226_Faisal_Hussain.pdf,Faisal Hussain,faisal.hussain@example.com,-6210304,5/13/1995,CUSTOMER SUPPORT LEAD,3,Bachelor's in Finance,Candidate_226,SQL;Digital Marketing;Project Management;UX Design;HR Policies,Male,J002
Candidate_184_Ali_Raza.pdf,Ali Raza,ali.raza@example.com,-3741773,7/26/1998,SENIOR DATA ANALYST,1,Bachelor's in Finance,Candidate_184,SQL;Cloud Computing;Digital Marketing;Data Analysis;UX Design,Female,J003
Candidate_016_Hassan_Mirza.pdf,Hassan Mirza,hassan.mirza@example.com,-4215610,5/22/1995,SENIOR DATA ANALYST,2,Bachelor's in Business Administration,Candidate_016,Cloud Computing;efficiency.;SQL;Power BI;Data Analysis,Male,J003
Candidate_211_Ayesha_Farooq.pdf,Ayesha Farooq,ayesha.farooq@example.com,-2126633,1/16/1989,SENIOR DATA ANALYST,3,Bachelor's in Finance,Candidate_211,Data Analysis;Cloud Computing;HR Policies;UX Design;Python,Female,J003
Candidate_091_Mina_Hussain.pdf,Mina Hussain,mina.hussain@example.com,-8514875,6/12/1998,SENIOR DATA ANALYST,7,Bachelor's in Business Administration,Candidate_091,Excel;Digital Marketing;Power BI;HR Policies;Project Management,Female,J003
Candidate_240_Sara_Khan.pdf,Sara Khan,sara.khan@example.com,-7577620,4/10/1995,SENIOR DATA ANALYST,7,Bachelor's in Finance,Candidate_240,Cloud Computing;efficiency.;UX Design;Digital Marketing;SQL,Female,J003
Candidate_082_Zara_Khan.pdf,Zara Khan,zara.khan@example.com,-6711126,7/19/2000,SENIOR DATA ANALYST,5,Bachelor's in Finance,Candidate_082,SQL;Digital Marketing;Python;HR Policies;Project Management,Female,J003
Candidate_160_Sara_Sheikh.pdf,Sara Sheikh,sara.sheikh@example.com,-9356618,4/8/1997,SENIOR DATA ANALYST,6,Bachelor's in Finance,Candidate_160,SQL;Power BI;Project Management;Cloud Computing;UX Design,Female,J003
Candidate_234_Hassan_Iqbal.pdf,Hassan Iqbal,hassan.iqbal@example.com,-2763872,3/22/1985,PROCUREMENT SPECIALIST,2,Bachelor's in Business Administration,Candidate_234,Project Management;efficiency.;Python;Data Analysis;UX Design,Male,J004
Candidate_043_Faisal_Jamil.pdf,Faisal Jamil,faisal.jamil@example.com,-9955059,5/29/1984,PROCUREMENT SPECIALIST,6,Bachelor's in Finance,Candidate_043,Digital Marketing;Python;UX Design;Excel;Cloud Computing,Male,J004
Candidate_021_Ali_Hussain.pdf,Ali Hussain,ali.hussain@example.com,-9818857,4/4/2000,PROCUREMENT SPECIALIST,3,Bachelor's in Business Administration,Candidate_021,SQL;HR Policies;UX Design;Cloud Computing;Python,Female,J004
Candidate_183_Bilal_Ahmed.pdf,Bilal Ahmed,bilal.ahmed@example.com,-1732418,5/7/1982,PROCUREMENT SPECIALIST,7,Bachelor's in Finance,Candidate_183,Power BI;Cloud Computing;SQL;Project Management;HR Policies,Male,J004
Candidate_081_Nadia_Ahmed.pdf,Nadia Ahmed,nadia.ahmed@example.com,-9285664,8/6/1982,PROCUREMENT SPECIALIST,6,Bachelor's in Business Administration,Candidate_081,Excel;Project Management;Cloud Computing;Python;UX Design,Female,J004
Candidate_304_Areeba_Hussain.pdf,Areeba Hussain,areeba.hussain@example.com,-8403265,10/3/1995,PROCUREMENT ASSISTANT,5,Bachelor's in Business Administration,Candidate_304,Python;Data Analysis;Leadership;SQL;Problem Solving,Female,J005
Candidate_303_Hira_Malik.pdf,Hira Malik,hira.malik@example.com,-8478182,3/22/1988,PROCUREMENT ASSISTANT,8,Bachelor's in Information Technology,Candidate_303,UX Design;Data Analysis;Customer Service;Communication;Excel,Male,J005
Candidate_310_Zara_Iqbal.pdf,Zara Iqbal,zara.iqbal@example.com,-7547396,1/24/1996,PROCUREMENT ASSISTANT,4,Bachelor's in Business Administration,Candidate_310,SQL;Customer Service;Python;Excel;Communication,Female,J005
Candidate_305_Usman_Ahmed.pdf,Usman Ahmed,usman.ahmed@example.com,-9112299,4/4/1988,PROCUREMENT ASSISTANT,8,Bachelor's in Software Engineering,Candidate_305,Leadership;Communication;Project Management;Excel;Problem Solving,Male,J005
Candidate_307_Hassan_Ahmed.pdf,Hassan Ahmed,hassan.ahmed@example.com,-7363985,12/26/1997,PROCUREMENT ASSISTANT,8,Bachelor's in Information Technology,Candidate_307,Project Management;Customer Service;SQL;Data Analysis;Leadership,Male,J005
Candidate_302_Aleena_Saeed.pdf,Aleena Saeed,aleena.saeed@example.com,-8028418,6/6/1992,PROCUREMENT ASSISTANT,5,Bachelor's in Business Administration,Candidate_302,Data Analysis;Project Management;Leadership;SQL;Excel,Female,J005
Candidate_146_Bilal_Mirza.pdf,Bilal Mirza,bilal.mirza@example.com,-8654768,8/6/1986,IT SUPPORT SPECIALIST,1,Bachelor's in Business Administration,Candidate_146,Excel;Digital Marketing;Data Analysis;Cloud Computing;Power BI,Male,J006
Candidate_298_Sara_Ahmed.pdf,Sara Ahmed,sara.ahmed@example.com,-4769088,7/31/1998,IT SUPPORT SPECIALIST,7,Bachelor's in Finance,Candidate_298,Data Analysis;Project Management;Power BI;HR Policies;UX Design,Female,J006
Candidate_112_Zara_Mirza.pdf,Zara Mirza,zara.mirza@example.com,-1422578,11/3/1981,IT SUPPORT SPECIALIST,4,Bachelor's in Business Administration,Candidate_112,SQL;UX Design;Python;HR Policies;Project Management,Female,J006
Candidate_053_Ali_Chaudhry.pdf,Ali Chaudhry,ali.chaudhry@example.com,-7406532,7/19/1988,IT SUPPORT SPECIALIST,7,Bachelor's in Finance,Candidate_053,Project Management;efficiency.;Digital Marketing;HR Policies;Excel,Female,J006
Candidate_267_Ayesha_Chaudhry.pdf,Ayesha Chaudhry,ayesha.chaudhry@example.com,-8548161,4/6/1984,IT SUPPORT SPECIALIST,4,Bachelor's in Business Administration,Candidate_267,Excel;Digital Marketing;SQL;Data Analysis;Project Management,Female,J006
Candidate_161_Sara_Raza.pdf,Sara Raza,sara.raza@example.com,-5814684,10/14/1992,IT SUPPORT SPECIALIST,5,Bachelor's in Finance,Candidate_161,Cloud Computing;efficiency.;Power BI;Excel;Python,Female,J006
Candidate_149_Hassan_Raza.pdf,Hassan Raza,hassan.raza@example.com,-5714783,10/12/1993,PROJECT MANAGER,4,Bachelor's in Business Administration,Candidate_149,Excel;UX Design;Power BI;Data Analysis;HR Policies,Male,J007
Candidate_009_Zara_Khan.pdf,Zara Khan,zara.khan@example.com,-4052568,10/17/2000,PROJECT MANAGER,2,Bachelor's in Finance,Candidate_009,Power BI;UX Design;Excel;Project Management;Python,Female,J007
Candidate_294_Omar_Khan.pdf,Omar Khan,omar.khan@example.com,-4491918,9/4/1996,PROJECT MANAGER,3,Bachelor's in Finance,Candidate_294,Project Management;efficiency.;Cloud Computing;Python;Excel,Male,J007
Candidate_248_Hassan_Iqbal.pdf,Hassan Iqbal,hassan.iqbal@example.com,-8276394,8/30/1996,PROJECT MANAGER,2,Bachelor's in Finance,Candidate_248,Python;HR Policies;Project Management;Power BI;Cloud Computing,Male,J007
Candidate_283_Sara_Sheikh.pdf,Sara Sheikh,sara.sheikh@example.com,-6817480,10/10/1990,PROJECT MANAGER,1,Bachelor's in Business Administration,Candidate_283,Excel;Power BI;UX Design;Data Analysis;Python,Female,J007
Candidate_042_Bilal_Hussain.pdf,Bilal Hussain,bilal.hussain@example.com,-7887963,10/21/1984,PROJECT MANAGER,3,Bachelor's in Business Administration,Candidate_042,HR Policies;Excel;Power BI;Project Management;Python,Male,J007
Candidate_067_Ayesha_Khan.pdf,Ayesha Khan,ayesha.khan@example.com,-9933597,11/11/1985,PROJECT MANAGER,8,Bachelor's in Business Administration,Candidate_067,SQL;UX Design;Digital Marketing;Excel;Data Analysis,Female,J007
Candidate_224_Bilal_Raza.pdf,Bilal Raza,bilal.raza@example.com,-8228194,8/5/1985,PROJECT MANAGER,6,Bachelor's in Finance,Candidate_224,Excel;Python;SQL;Digital Marketing;UX Design,Male,J007
Candidate_210_Nadia_Sheikh.pdf,Nadia Sheikh,nadia.sheikh@example.com,-4637912,9/13/1998,HUMAN RESOURCES MANAGER,3,Bachelor's in Business Administration,Candidate_210,HR Policies;Power BI;UX Design;Digital Marketing;Project Management,Female,J011
Candidate_255_Ali_Hussain.pdf,Ali Hussain,ali.hussain@example.com,-5941751,8/28/1995,HUMAN RESOURCES MANAGER,5,Bachelor's in Business Administration,Candidate_255,Data Analysis;Project Management;Power BI;Cloud Computing;Python,Female,J011
Candidate_279_Ali_Farooq.pdf,Ali Farooq,ali.farooq@example.com,-3758198,12/15/1982,HUMAN RESOURCES MANAGER,3,Bachelor's in Business Administration,Candidate_279,SQL;Power BI;UX Design;Digital Marketing;Excel,Female,J011
Candidate_230_Ayesha_Farooq.pdf,Ayesha Farooq,ayesha.farooq@example.com,-6447804,10/14/1990,HUMAN RESOURCES MANAGER,8,Bachelor's in Finance,Candidate_230,SQL;Data Analysis;Cloud Computing;Power BI;Project Management,Female,J011
Candidate_235_Zara_Jamil.pdf,Zara Jamil,zara.jamil@example.com,-6384599,12/13/1999,HUMAN RESOURCES MANAGER,4,Bachelor's in Finance,Candidate_235,Digital Marketing;SQL;Data Analysis;HR Policies;Excel,Female,J011
Candidate_284_Bilal_Jamil.pdf,Bilal Jamil,bilal.jamil@example.com,-5172168,3/14/1990,HUMAN RESOURCES MANAGER,5,Bachelor's in Finance,Candidate_284,Data Analysis;Project Management;HR Policies;Python;Digital Marketing,Male,J011
Candidate_286_Ayesha_Iqbal.pdf,Ayesha Iqbal,ayesha.iqbal@example.com,-2736290,5/9/1981,HUMAN RESOURCES MANAGER,7,Bachelor's in Business Administration,Candidate_286,Data Analysis;SQL;Cloud Computing;Excel;HR Policies,Female,J011
Candidate_113_Faisal_Chaudhry.pdf,Faisal Chaudhry,faisal.chaudhry@example.com,-7505872,4/21/1996,HUMAN RESOURCES MANAGER,8,Bachelor's in Finance,Candidate_113,Project Management;efficiency.;Cloud Computing;Excel;Power BI,Male,J011
Candidate_096_Bilal_Farooq.pdf,Bilal Farooq,bilal.farooq@example.com,-4406335,8/4/1994,HUMAN RESOURCES MANAGER,7,Bachelor's in Business Administration,Candidate_096,Power BI;Digital Marketing;Cloud Computing;Excel;HR Policies,Male,J011
Candidate_032_Omar_Jamil.pdf,Omar Jamil,omar.jamil@example.com,-6961455,3/13/1991,HUMAN RESOURCES MANAGER,4,Bachelor's in Finance,Candidate_032,UX Design;Python;HR Policies;Digital Marketing;SQL,Male,J011
Candidate_219_Zara_Hussain.pdf,Zara Hussain,zara.hussain@example.com,-7784347,11/29/1980,SENIOR SOFTWARE ENGINEER,7,Bachelor's in Finance,Candidate_219,Power BI;Data Analysis;Project Management;SQL;Excel,Female,J012
Candidate_099_Ayesha_Sheikh.pdf,Ayesha Sheikh,ayesha.sheikh@example.com,-7412603,4/9/1985,SENIOR SOFTWARE ENGINEER,1,Bachelor's in Business Administration,Candidate_099,Data Analysis;Power BI;Python;Project Management;Digital Marketing,Female,J012
Candidate_165_Nadia_Raza.pdf,Nadia Raza,nadia.raza@example.com,-7768525,4/8/1996,SENIOR SOFTWARE ENGINEER,7,Bachelor's in Business Administration,Candidate_165,Project Management;efficiency.;UX Design;SQL;Data Analysis,Female,J012
Candidate_121_Bilal_Khan.pdf,Bilal Khan,bilal.khan@example.com,-4069700,5/24/1992,SENIOR SOFTWARE ENGINEER,2,Bachelor's in Finance,Candidate_121,Power BI;SQL;Python;Project Management;Excel,Male,J012
Candidate_130_Sara_Khan.pdf,Sara Khan,sara.khan@example.com,-3651366,9/12/1982,SENIOR SOFTWARE ENGINEER,6,Bachelor's in Finance,Candidate_130,Excel;Cloud Computing;SQL;HR Policies;UX Design,Female,J012
Candidate_018_Hassan_Hussain.pdf,Hassan Hussain,hassan.hussain@example.com,-3300463,10/24/2000,SENIOR SOFTWARE ENGINEER,6,Bachelor's in Business Administration,Candidate_018,Python;Cloud Computing;HR Policies;Data Analysis;Excel,Male,J012
Candidate_052_Ayesha_Ahmed.pdf,Ayesha Ahmed,ayesha.ahmed@example.com,-8559315,2/11/1988,SENIOR SOFTWARE ENGINEER,6,Bachelor's in Finance,Candidate_052,Excel;SQL;Power BI;UX Design;Python,Female,J012
Candidate_241_Nadia_Chaudhry.pdf,Nadia Chaudhry,nadia.chaudhry@example.com,-8702152,1/30/1999,SENIOR SOFTWARE ENGINEER,4,Bachelor's in Business Administration,Candidate_241,Digital Marketing;Excel;SQL;HR Policies;Power BI,Female,J012
Candidate_174_Faisal_Chaudhry.pdf,Faisal Chaudhry,faisal.chaudhry@example.com,-6019459,7/30/1992,SENIOR SOFTWARE ENGINEER,4,Bachelor's in Finance,Candidate_174,Power BI;Excel;Digital Marketing;Python;HR Policies,Male,J012
Candidate_205_Omar_Hussain.pdf,Omar Hussain,omar.hussain@example.com,-4240593,1/27/1990,SENIOR SOFTWARE ENGINEER,5,Bachelor's in Finance,Candidate_205,SQL;Data Analysis;Python;Power BI;Project Management,Male,J012
Candidate_050_Bilal_Iqbal.pdf,Bilal Iqbal,bilal.iqbal@example.com,-8958333,11/13/1998,SENIOR SOFTWARE ENGINEER,8,Bachelor's in Finance,Candidate_050,Python;Data Analysis;HR Policies;Cloud Computing;SQL,Male,J012
Candidate_036_Mina_Jamil.pdf,Mina Jamil,mina.jamil@example.com,-6678450,8/2/1987,SENIOR SOFTWARE ENGINEER,6,Bachelor's in Business Administration,Candidate_036,UX Design;Data Analysis;Project Management;Power BI;Python,Female,J012
Candidate_152_Bilal_Farooq.pdf,Bilal Farooq,bilal.farooq@example.com,-5905846,12/30/1998,QA ENGINEER,6,Bachelor's in Business Administration,Candidate_152,HR Policies;SQL;Excel;Cloud Computing;Data Analysis,Male,J014
Candidate_017_Nadia_Farooq.pdf,Nadia Farooq,nadia.farooq@example.com,-1790558,8/9/1991,QA ENGINEER,3,Bachelor's in Business Administration,Candidate_017,Digital Marketing;HR Policies;SQL;Project Management;Data Analysis,Female,J014
Candidate_013_Omar_Iqbal.pdf,Omar Iqbal,omar.iqbal@example.com,-2412204,1/8/1995,QA ENGINEER,6,Bachelor's in Finance,Candidate_013,Power BI;Cloud Computing;Digital Marketing;SQL;Python,Male,J014
Candidate_126_Sara_Chaudhry.pdf,Sara Chaudhry,sara.chaudhry@example.com,-1372128,1/22/1987,QA ENGINEER,3,Bachelor's in Business Administration,Candidate_126,Digital Marketing;UX Design;Power BI;HR Policies;Python,Female,J014
Candidate_292_Ayesha_Mirza.pdf,Ayesha Mirza,ayesha.mirza@example.com,-4471665,8/7/1988,QA ENGINEER,1,Bachelor's in Business Administration,Candidate_292,Cloud Computing;efficiency.;Data Analysis;Digital Marketing;HR Policies,Female,J014
Candidate_094_Ayesha_Jamil.pdf,Ayesha Jamil,ayesha.jamil@example.com,-4269721,3/7/1985,QA ENGINEER,3,Bachelor's in Business Administration,Candidate_094,Excel;SQL;Power BI;Project Management;UX Design,Female,J014
Candidate_251_Hassan_Jamil.pdf,Hassan Jamil,hassan.jamil@example.com,-9080034,9/22/1980,QA ENGINEER,3,Bachelor's in Finance,Candidate_251,Digital Marketing;HR Policies;Data Analysis;Power BI;Project Management,Male,J014
Candidate_195_Mina_Jamil.pdf,Mina Jamil,mina.jamil@example.com,-8659846,2/20/1981,QA ENGINEER,2,Bachelor's in Business Administration,Candidate_195,Python;Digital Marketing;Cloud Computing;Power BI;Data Analysis,Female,J014
Candidate_221_Ayesha_Khan.pdf,Ayesha Khan,ayesha.khan@example.com,-5746899,7/28/2000,QA ENGINEER,6,Bachelor's in Business Administration,Candidate_221,Power BI;HR Policies;Cloud Computing;Excel;UX Design,Female,J014
Candidate_236_Mina_Khan.pdf,Mina Khan,mina.khan@example.com,-4835658,5/20/1994,QA ENGINEER,2,Bachelor's in Business Administration,Candidate_236,Data Analysis;Cloud Computing;Digital Marketing;Power BI;Project Management,Female,J014
Candidate_172_Sara_Ahmed.pdf,Sara Ahmed,sara.ahmed@example.com,-5995176,7/31/1983,QA ENGINEER,3,Bachelor's in Business Administration,Candidate_172,Digital Marketing;Python;Data Analysis;SQL;UX Design,Female,J014
Candidate_229_Ali_Jamil.pdf,Ali Jamil,ali.jamil@example.com,-4031575,6/30/1994,QA ENGINEER,4,Bachelor's in Finance,Candidate_229,Data Analysis;Power BI;Excel;SQL;Project Management,Female,J014
Candidate_228_Ayesha_Jamil.pdf,Ayesha Jamil,ayesha.jamil@example.com,-2121017,10/19/1990,OPERATIONS MANAGER,7,Bachelor's in Finance,Candidate_228,Power BI;SQL;Cloud Computing;Data Analysis;HR Policies,Female,J017
Candidate_114_Nadia_Mirza.pdf,Nadia Mirza,nadia.mirza@example.com,-8591584,12/22/1984,OPERATIONS MANAGER,8,Bachelor's in Business Administration,Candidate_114,HR Policies;Python;Data Analysis;Excel;Digital Marketing,Female,J017
Candidate_034_Hassan_Iqbal.pdf,Hassan Iqbal,hassan.iqbal@example.com,-3304188,5/5/1989,OPERATIONS MANAGER,5,Bachelor's in Finance,Candidate_034,Python;Power BI;Project Management;Data Analysis;HR Policies,Male,J017
Candidate_297_Ali_Iqbal.pdf,Ali Iqbal,ali.iqbal@example.com,-6253297,8/17/1993,OPERATIONS MANAGER,5,Bachelor's in Business Administration,Candidate_297,UX Design;Cloud Computing;SQL;Power BI;Excel,Female,J017
Candidate_108_Omar_Khan.pdf,Omar Khan,omar.khan@example.com,-9699861,8/4/2000,OPERATIONS MANAGER,4,Bachelor's in Business Administration,Candidate_108,Digital Marketing;Cloud Computing;SQL;Python;Project Management,Male,J017
Candidate_139_Nadia_Iqbal.pdf,Nadia Iqbal,nadia.iqbal@example.com,-1993934,6/22/1996,OPERATIONS MANAGER,5,Bachelor's in Finance,Candidate_139,Power BI;Cloud Computing;HR Policies;Project Management;UX Design,Female,J017
Candidate_069_Sara_Khan.pdf,Sara Khan,sara.khan@example.com,-4388463,1/10/1987,OPERATIONS MANAGER,2,Bachelor's in Finance,Candidate_069,Digital Marketing;Project Management;Excel;Python;Data Analysis,Female,J017
Candidate_103_Ali_Khan.pdf,Ali Khan,ali.khan@example.com,-2085313,10/2/1985,OPERATIONS MANAGER,8,Bachelor's in Business Administration,Candidate_103,HR Policies;Project Management;Excel;Python;Digital Marketing,Female,J017
Candidate_271_Nadia_Chaudhry.pdf,Nadia Chaudhry,nadia.chaudhry@example.com,-7653771,11/7/1988,FINANCE OFFICER,1,Bachelor's in Finance,Candidate_271,Excel;SQL;HR Policies;Data Analysis;Digital Marketing,Female,J018
Candidate_282_Omar_Chaudhry.pdf,Omar Chaudhry,omar.chaudhry@example.com,-8474093,7/22/1984,FINANCE OFFICER,8,Bachelor's in Business Administration,Candidate_282,HR Policies;Digital Marketing;Cloud Computing;Power BI;Data Analysis,Male,J018
Candidate_171_Zara_Chaudhry.pdf,Zara Chaudhry,zara.chaudhry@example.com,-4500103,2/5/1994,FINANCE OFFICER,4,Bachelor's in Finance,Candidate_171,Python;Cloud Computing;Data Analysis;Power BI;SQL,Female,J018
Candidate_080_Omar_Chaudhry.pdf,Omar Chaudhry,omar.chaudhry@example.com,-1598713,9/13/1989,FINANCE OFFICER,3,Bachelor's in Finance,Candidate_080,Python;Excel;UX Design;Data Analysis;Project Management,Male,J018
Candidate_125_Sara_Sheikh.pdf,Sara Sheikh,sara.sheikh@example.com,-9562840,11/29/1989,FINANCE OFFICER,6,Bachelor's in Business Administration,Candidate_125,Excel;Cloud Computing;SQL;Power BI;Project Management,Female,J018
Candidate_105_Nadia_Farooq.pdf,Nadia Farooq,nadia.farooq@example.com,-9950773,1/8/1993,FINANCE OFFICER,2,Bachelor's in Business Administration,Candidate_105,Data Analysis;SQL;Project Management;Excel;Cloud Computing,Female,J018
Candidate_213_Ali_Hussain.pdf,Ali Hussain,ali.hussain@example.com,-3030908,2/12/1986,FINANCE OFFICER,6,Bachelor's in Finance,Candidate_213,Data Analysis;SQL;UX Design;Excel;Digital Marketing,Female,J018
Candidate_044_Ali_Jamil.pdf,Ali Jamil,ali.jamil@example.com,-4461145,6/13/1999,FINANCE OFFICER,2,Bachelor's in Business Administration,Candidate_044,Digital Marketing;Excel;Cloud Computing;Python;Data Analysis,Female,J018
Candidate_249_Nadia_Ahmed.pdf,Nadia Ahmed,nadia.ahmed@example.com,-6071969,2/15/1993,FINANCE OFFICER,8,Bachelor's in Business Administration,Candidate_249,UX Design;Excel;Project Management;Digital Marketing;HR Policies,Female,J018
Candidate_058_Ali_Jamil.pdf,Ali Jamil,ali.jamil@example.com,-3503730,10/30/1990,CONTENT WRITER,2,Bachelor's in Business Administration,Candidate_058,Project Management;efficiency.;SQL;Power BI;Digital Marketing,Female,J020
Candidate_170_Omar_Sheikh.pdf,Omar Sheikh,omar.sheikh@example.com,-3618572,10/22/1985,CONTENT WRITER,7,Bachelor's in Finance,Candidate_170,Power BI;Data Analysis;SQL;Project Management;Cloud Computing,Male,J020
Candidate_085_Faisal_Hussain.pdf,Faisal Hussain,faisal.hussain@example.com,-2481808,7/12/1991,CONTENT WRITER,7,Bachelor's in Finance,Candidate_085,Excel;Power BI;Digital Marketing;Project Management;SQL,Male,J020
Candidate_280_Nadia_Farooq.pdf,Nadia Farooq,nadia.farooq@example.com,-4402365,7/6/1991,CONTENT WRITER,2,Bachelor's in Business Administration,Candidate_280,Cloud Computing;efficiency.;Excel;Power BI;Data Analysis,Female,J020
Candidate_004_Omar_Ahmed.pdf,Omar Ahmed,omar.ahmed@example.com,-8834662,2/27/1997,CONTENT WRITER,6,Bachelor's in Business Administration,Candidate_004,Project Management;efficiency.;Power BI;Excel;UX Design,Male,J020
Candidate_289_Sara_Jamil.pdf,Sara Jamil,sara.jamil@example.com,-6585031,2/7/1990,CONTENT WRITER,1,Bachelor's in Business Administration,Candidate_289,Digital Marketing;UX Design;SQL;Power BI;HR Policies,Female,J020
Candidate_287_Bilal_Farooq.pdf,Bilal Farooq,bilal.farooq@example.com,-4204129,11/3/1998,CONTENT WRITER,2,Bachelor's in Finance,Candidate_287,HR Policies;UX Design;Project Management;SQL;Digital Marketing,Male,J020
Candidate_104_Faisal_Jamil.pdf,Faisal Jamil,faisal.jamil@example.com,-2958956,6/8/1991,CONTENT WRITER,8,Bachelor's in Business Administration,Candidate_104,Power BI;Digital Marketing;Excel;Project Management;Data Analysis,Male,J020
